na_item,unit,geo,time,values
B1GQ,CP_EUR_HAB,AL,2005-01-01,2200
B1GQ,CP_EUR_HAB,AT,2005-01-01,30900
B1GQ,CP_EUR_HAB,BE,2005-01-01,29700
B1GQ,CP_EUR_HAB,BG,2005-01-01,3100
B1GQ,CP_EUR_HAB,CH,2005-01-01,43900
B1GQ,CP_EUR_HAB,CY,2005-01-01,20400
B1GQ,CP_EUR_HAB,CZ,2005-01-01,10700
B1GQ,CP_EUR_HAB,DE,2005-01-01,28300
B1GQ,CP_EUR_HAB,DK,2005-01-01,39300
B1GQ,CP_EUR_HAB,EA,2005-01-01,26600
B1GQ,CP_EUR_HAB,EA18,2005-01-01,26e3
B1GQ,CP_EUR_HAB,EA19,2005-01-01,25800
B1GQ,CP_EUR_HAB,EE,2005-01-01,8300
B1GQ,CP_EUR_HAB,EL,2005-01-01,18100
B1GQ,CP_EUR_HAB,ES,2005-01-01,21300
B1GQ,CP_EUR_HAB,EU28,2005-01-01,23400
B1GQ,CP_EUR_HAB,FI,2005-01-01,31300
B1GQ,CP_EUR_HAB,FR,2005-01-01,28100
B1GQ,CP_EUR_HAB,HR,2005-01-01,8500
B1GQ,CP_EUR_HAB,HU,2005-01-01,9e3
B1GQ,CP_EUR_HAB,IE,2005-01-01,40900
B1GQ,CP_EUR_HAB,IS,2005-01-01,45400
B1GQ,CP_EUR_HAB,IT,2005-01-01,25600
B1GQ,CP_EUR_HAB,LT,2005-01-01,6300
B1GQ,CP_EUR_HAB,LU,2005-01-01,64500
B1GQ,CP_EUR_HAB,LV,2005-01-01,6100
B1GQ,CP_EUR_HAB,MK,2005-01-01,2500
B1GQ,CP_EUR_HAB,MT,2005-01-01,12700
B1GQ,CP_EUR_HAB,NL,2005-01-01,33400
B1GQ,CP_EUR_HAB,NO,2005-01-01,53700
B1GQ,CP_EUR_HAB,PL,2005-01-01,6500
B1GQ,CP_EUR_HAB,PT,2005-01-01,15100
B1GQ,CP_EUR_HAB,RO,2005-01-01,3800
B1GQ,CP_EUR_HAB,RS,2005-01-01,2800
B1GQ,CP_EUR_HAB,SE,2005-01-01,34700
B1GQ,CP_EUR_HAB,SI,2005-01-01,14600
B1GQ,CP_EUR_HAB,SK,2005-01-01,7300
B1GQ,CP_EUR_HAB,UK,2005-01-01,33600
B1GQ,CP_MEUR,AL,2005-01-01,6475.3
B1GQ,CP_MEUR,AT,2005-01-01,254075
B1GQ,CP_MEUR,BE,2005-01-01,311481
B1GQ,CP_MEUR,BG,2005-01-01,23852.7
B1GQ,CP_MEUR,CH,2005-01-01,328683.1
B1GQ,CP_MEUR,CY,2005-01-01,15039.3
B1GQ,CP_MEUR,CZ,2005-01-01,109627.7
B1GQ,CP_MEUR,DE,2005-01-01,2300860
B1GQ,CP_MEUR,DK,2005-01-01,212832.3
B1GQ,CP_MEUR,EA,2005-01-01,8325730
B1GQ,CP_MEUR,EA18,2005-01-01,8439483.6
B1GQ,CP_MEUR,EA19,2005-01-01,8460485.9
B1GQ,CP_MEUR,EE,2005-01-01,11262.3
B1GQ,CP_MEUR,EL,2005-01-01,199242.3
B1GQ,CP_MEUR,ES,2005-01-01,930566
B1GQ,CP_MEUR,EU28,2005-01-01,11590881.5
B1GQ,CP_MEUR,FI,2005-01-01,164387
B1GQ,CP_MEUR,FR,2005-01-01,1771978
B1GQ,CP_MEUR,HR,2005-01-01,36508.4
B1GQ,CP_MEUR,HU,2005-01-01,90948.9
B1GQ,CP_MEUR,IE,2005-01-01,170188.4
B1GQ,CP_MEUR,IS,2005-01-01,13437.8
B1GQ,CP_MEUR,IT,2005-01-01,1489725.5
B1GQ,CP_MEUR,LT,2005-01-01,21002.4
B1GQ,CP_MEUR,LU,2005-01-01,30031
B1GQ,CP_MEUR,LV,2005-01-01,13726.2
B1GQ,CP_MEUR,MK,2005-01-01,5032
B1GQ,CP_MEUR,MT,2005-01-01,5142.1
B1GQ,CP_MEUR,NL,2005-01-01,545609
B1GQ,CP_MEUR,NO,2005-01-01,248332.2
B1GQ,CP_MEUR,PL,2005-01-01,246201.3
B1GQ,CP_MEUR,PT,2005-01-01,158652.6
B1GQ,CP_MEUR,RO,2005-01-01,80225.6
B1GQ,CP_MEUR,RS,2005-01-01,21103.3
B1GQ,CP_MEUR,SE,2005-01-01,313218
B1GQ,CP_MEUR,SI,2005-01-01,29235.4
B1GQ,CP_MEUR,SK,2005-01-01,39348.3
B1GQ,CP_MEUR,TR,2005-01-01,401707.1
B1GQ,CP_MEUR,UK,2005-01-01,2027472.9
B1GQ,CP_MPPS,AL,2005-01-01,15009.4
B1GQ,CP_MPPS,AT,2005-01-01,244801.9
B1GQ,CP_MPPS,BA,2005-01-01,20732.3
B1GQ,CP_MPPS,BE,2005-01-01,296798.4
B1GQ,CP_MPPS,BG,2005-01-01,66457.4
B1GQ,CP_MPPS,CH,2005-01-01,256405.1
B1GQ,CP_MPPS,CY,2005-01-01,17423.5
B1GQ,CP_MPPS,CZ,2005-01-01,190516.1
B1GQ,CP_MPPS,DE,2005-01-01,2240304.6
B1GQ,CP_MPPS,DK,2005-01-01,157267.9
B1GQ,CP_MPPS,EA,2005-01-01,8202932.1
B1GQ,CP_MPPS,EA18,2005-01-01,8389899.3
B1GQ,CP_MPPS,EA19,2005-01-01,8430893.5
B1GQ,CP_MPPS,EE,2005-01-01,19013.8
B1GQ,CP_MPPS,EL,2005-01-01,238804.6
B1GQ,CP_MPPS,ES,2005-01-01,1027604.8
B1GQ,CP_MPPS,EU28,2005-01-01,11590881.5
B1GQ,CP_MPPS,FI,2005-01-01,142622.8
B1GQ,CP_MPPS,FR,2005-01-01,1643002.3
B1GQ,CP_MPPS,HR,2005-01-01,56087.9
B1GQ,CP_MPPS,HU,2005-01-01,146416.7
B1GQ,CP_MPPS,IE,2005-01-01,142944.6
B1GQ,CP_MPPS,IS,2005-01-01,9320.6
B1GQ,CP_MPPS,IT,2005-01-01,1480340.1
B1GQ,CP_MPPS,LT,2005-01-01,41011.9
B1GQ,CP_MPPS,LU,2005-01-01,26965.3
B1GQ,CP_MPPS,LV,2005-01-01,26344
B1GQ,CP_MPPS,MK,2005-01-01,13585.1
B1GQ,CP_MPPS,MT,2005-01-01,7640
B1GQ,CP_MPPS,NL,2005-01-01,516787.7
B1GQ,CP_MPPS,NO,2005-01-01,187682.1
B1GQ,CP_MPPS,PL,2005-01-01,450661.3
B1GQ,CP_MPPS,PT,2005-01-01,202956
B1GQ,CP_MPPS,RO,2005-01-01,176156.3
B1GQ,CP_MPPS,RS,2005-01-01,55052.8
B1GQ,CP_MPPS,SE,2005-01-01,260627.5
B1GQ,CP_MPPS,SI,2005-01-01,40704.7
B1GQ,CP_MPPS,SK,2005-01-01,75861.9
B1GQ,CP_MPPS,TR,2005-01-01,685942.9
B1GQ,CP_MPPS,UK,2005-01-01,1664856.6
B1GQ,CP_EUR_HAB,AL,2006-01-01,2400
B1GQ,CP_EUR_HAB,AT,2006-01-01,32400
B1GQ,CP_EUR_HAB,BE,2006-01-01,31e3
B1GQ,CP_EUR_HAB,BG,2006-01-01,3600
B1GQ,CP_EUR_HAB,CH,2006-01-01,45600
B1GQ,CP_EUR_HAB,CY,2006-01-01,21700
B1GQ,CP_EUR_HAB,CZ,2006-01-01,12100
B1GQ,CP_EUR_HAB,DE,2006-01-01,29500
B1GQ,CP_EUR_HAB,DK,2006-01-01,41500
B1GQ,CP_EUR_HAB,EA,2006-01-01,27800
B1GQ,CP_EUR_HAB,EA18,2006-01-01,27200
B1GQ,CP_EUR_HAB,EA19,2006-01-01,27e3
B1GQ,CP_EUR_HAB,EE,2006-01-01,1e4
B1GQ,CP_EUR_HAB,EL,2006-01-01,19800
B1GQ,CP_EUR_HAB,ES,2006-01-01,22700
B1GQ,CP_EUR_HAB,EU28,2006-01-01,24700
B1GQ,CP_EUR_HAB,FI,2006-01-01,32800
B1GQ,CP_EUR_HAB,FR,2006-01-01,29200
B1GQ,CP_EUR_HAB,HR,2006-01-01,9300
B1GQ,CP_EUR_HAB,HU,2006-01-01,9100
B1GQ,CP_EUR_HAB,IE,2006-01-01,43300
B1GQ,CP_EUR_HAB,IS,2006-01-01,44800
B1GQ,CP_EUR_HAB,IT,2006-01-01,26500
B1GQ,CP_EUR_HAB,LT,2006-01-01,7400
B1GQ,CP_EUR_HAB,LU,2006-01-01,71500
B1GQ,CP_EUR_HAB,LV,2006-01-01,7800
B1GQ,CP_EUR_HAB,MK,2006-01-01,2700
B1GQ,CP_EUR_HAB,MT,2006-01-01,13300
B1GQ,CP_EUR_HAB,NL,2006-01-01,35400
B1GQ,CP_EUR_HAB,NO,2006-01-01,59100
B1GQ,CP_EUR_HAB,PL,2006-01-01,7200
B1GQ,CP_EUR_HAB,PT,2006-01-01,15800
B1GQ,CP_EUR_HAB,RO,2006-01-01,4600
B1GQ,CP_EUR_HAB,RS,2006-01-01,3300
B1GQ,CP_EUR_HAB,SE,2006-01-01,36900
B1GQ,CP_EUR_HAB,SI,2006-01-01,15700
B1GQ,CP_EUR_HAB,SK,2006-01-01,8400
B1GQ,CP_EUR_HAB,UK,2006-01-01,35300
B1GQ,CP_MEUR,AL,2006-01-01,7090.8
B1GQ,CP_MEUR,AT,2006-01-01,267824.5
B1GQ,CP_MEUR,BE,2006-01-01,326662
B1GQ,CP_MEUR,BG,2006-01-01,27210.9
B1GQ,CP_MEUR,CH,2006-01-01,343498.6
B1GQ,CP_MEUR,CY,2006-01-01,16263.8
B1GQ,CP_MEUR,CZ,2006-01-01,123943.2
B1GQ,CP_MEUR,DE,2006-01-01,2393250
B1GQ,CP_MEUR,DK,2006-01-01,225531.2
B1GQ,CP_MEUR,EA,2006-01-01,8750844.5
B1GQ,CP_MEUR,EA18,2006-01-01,8880371.5
B1GQ,CP_MEUR,EA19,2006-01-01,8904450.7
B1GQ,CP_MEUR,EE,2006-01-01,13521.7
B1GQ,CP_MEUR,EL,2006-01-01,217861.6
B1GQ,CP_MEUR,ES,2006-01-01,1007974
B1GQ,CP_MEUR,EU28,2006-01-01,12255850.9
B1GQ,CP_MEUR,FI,2006-01-01,172614
B1GQ,CP_MEUR,FR,2006-01-01,1853267
B1GQ,CP_MEUR,HR,2006-01-01,40197.8
B1GQ,CP_MEUR,HU,2006-01-01,91792
B1GQ,CP_MEUR,IE,2006-01-01,184995.4
B1GQ,CP_MEUR,IS,2006-01-01,13629.2
B1GQ,CP_MEUR,IT,2006-01-01,1548473.4
B1GQ,CP_MEUR,LT,2006-01-01,24079.2
B1GQ,CP_MEUR,LU,2006-01-01,33808.4
B1GQ,CP_MEUR,LV,2006-01-01,17264.1
B1GQ,CP_MEUR,MK,2006-01-01,5472.2
B1GQ,CP_MEUR,MT,2006-01-01,5386.1
B1GQ,CP_MEUR,NL,2006-01-01,579212
B1GQ,CP_MEUR,NO,2006-01-01,275289.8
B1GQ,CP_MEUR,PL,2006-01-01,274602.5
B1GQ,CP_MEUR,PT,2006-01-01,166248.7
B1GQ,CP_MEUR,RO,2006-01-01,98418.6
B1GQ,CP_MEUR,RS,2006-01-01,24434.6
B1GQ,CP_MEUR,SE,2006-01-01,334876.5
B1GQ,CP_MEUR,SI,2006-01-01,31561.2
B1GQ,CP_MEUR,SK,2006-01-01,45530.2
B1GQ,CP_MEUR,TR,2006-01-01,436278.4
B1GQ,CP_MEUR,UK,2006-01-01,2146649
B1GQ,CP_MPPS,AL,2006-01-01,16246.9
B1GQ,CP_MPPS,AT,2006-01-01,257471.5
B1GQ,CP_MPPS,BA,2006-01-01,23081.3
B1GQ,CP_MPPS,BE,2006-01-01,308920.7
B1GQ,CP_MPPS,BG,2006-01-01,71172.5
B1GQ,CP_MPPS,CH,2006-01-01,279389.5
B1GQ,CP_MPPS,CY,2006-01-01,18636.1
B1GQ,CP_MPPS,CZ,2006-01-01,201485.4
B1GQ,CP_MPPS,DE,2006-01-01,2334536.4
B1GQ,CP_MPPS,DK,2006-01-01,167834.9
B1GQ,CP_MPPS,EA,2006-01-01,8661115.4
B1GQ,CP_MPPS,EA18,2006-01-01,8864592.6
B1GQ,CP_MPPS,EA19,2006-01-01,8909235
B1GQ,CP_MPPS,EE,2006-01-01,21466.4
B1GQ,CP_MPPS,EL,2006-01-01,260124.2
B1GQ,CP_MPPS,ES,2006-01-01,1132308.2
B1GQ,CP_MPPS,EU28,2006-01-01,12255850.9
B1GQ,CP_MPPS,FI,2006-01-01,149773.5
B1GQ,CP_MPPS,FR,2006-01-01,1712610.3
B1GQ,CP_MPPS,HR,2006-01-01,62194.8
B1GQ,CP_MPPS,HU,2006-01-01,152522.1
B1GQ,CP_MPPS,IE,2006-01-01,156354.4
B1GQ,CP_MPPS,IS,2006-01-01,9730.2
B1GQ,CP_MPPS,IT,2006-01-01,1555890.3
B1GQ,CP_MPPS,LT,2006-01-01,44612.3
B1GQ,CP_MPPS,LU,2006-01-01,30492.7
B1GQ,CP_MPPS,LV,2006-01-01,28921.8
B1GQ,CP_MPPS,MK,2006-01-01,14658.9
B1GQ,CP_MPPS,MT,2006-01-01,7790.5
B1GQ,CP_MPPS,NL,2006-01-01,549229.6
B1GQ,CP_MPPS,NO,2006-01-01,208606
B1GQ,CP_MPPS,PL,2006-01-01,477996.9
B1GQ,CP_MPPS,PT,2006-01-01,214715.9
B1GQ,CP_MPPS,RO,2006-01-01,205009
B1GQ,CP_MPPS,RS,2006-01-01,58950
B1GQ,CP_MPPS,SE,2006-01-01,281213.1
B1GQ,CP_MPPS,SI,2006-01-01,42791.8
B1GQ,CP_MPPS,SK,2006-01-01,83890.5
B1GQ,CP_MPPS,TR,2006-01-01,775143.2
B1GQ,CP_MPPS,UK,2006-01-01,1737208.7
B1GQ,CP_EUR_HAB,AL,2007-01-01,2600
B1GQ,CP_EUR_HAB,AT,2007-01-01,34200
B1GQ,CP_EUR_HAB,BE,2007-01-01,32500
B1GQ,CP_EUR_HAB,BG,2007-01-01,4300
B1GQ,CP_EUR_HAB,CH,2007-01-01,46200
B1GQ,CP_EUR_HAB,CY,2007-01-01,22900
B1GQ,CP_EUR_HAB,CZ,2007-01-01,13400
B1GQ,CP_EUR_HAB,DE,2007-01-01,31e3
B1GQ,CP_EUR_HAB,DK,2007-01-01,42700
B1GQ,CP_EUR_HAB,EA,2007-01-01,29100
B1GQ,CP_EUR_HAB,EA18,2007-01-01,28600
B1GQ,CP_EUR_HAB,EA19,2007-01-01,28400
B1GQ,CP_EUR_HAB,EE,2007-01-01,12100
B1GQ,CP_EUR_HAB,EL,2007-01-01,21100
B1GQ,CP_EUR_HAB,ES,2007-01-01,23900
B1GQ,CP_EUR_HAB,EU28,2007-01-01,26e3
B1GQ,CP_EUR_HAB,FI,2007-01-01,35300
B1GQ,CP_EUR_HAB,FR,2007-01-01,30400
B1GQ,CP_EUR_HAB,HR,2007-01-01,10200
B1GQ,CP_EUR_HAB,HU,2007-01-01,10200
B1GQ,CP_EUR_HAB,IE,2007-01-01,44800
B1GQ,CP_EUR_HAB,IS,2007-01-01,5e4
B1GQ,CP_EUR_HAB,IT,2007-01-01,27400
B1GQ,CP_EUR_HAB,LT,2007-01-01,9e3
B1GQ,CP_EUR_HAB,LU,2007-01-01,77300
B1GQ,CP_EUR_HAB,LV,2007-01-01,10300
B1GQ,CP_EUR_HAB,MK,2007-01-01,3e3
B1GQ,CP_EUR_HAB,MT,2007-01-01,14200
B1GQ,CP_EUR_HAB,NL,2007-01-01,37400
B1GQ,CP_EUR_HAB,NO,2007-01-01,62300
B1GQ,CP_EUR_HAB,PL,2007-01-01,8200
B1GQ,CP_EUR_HAB,PT,2007-01-01,16600
B1GQ,CP_EUR_HAB,RO,2007-01-01,6e3
B1GQ,CP_EUR_HAB,RS,2007-01-01,4e3
B1GQ,CP_EUR_HAB,SE,2007-01-01,39e3
B1GQ,CP_EUR_HAB,SI,2007-01-01,17400
B1GQ,CP_EUR_HAB,SK,2007-01-01,10400
B1GQ,CP_EUR_HAB,UK,2007-01-01,36600
B1GQ,CP_MEUR,AL,2007-01-01,7809.8
B1GQ,CP_MEUR,AT,2007-01-01,283978
B1GQ,CP_MEUR,BE,2007-01-01,344713
B1GQ,CP_MEUR,BG,2007-01-01,32449.1
B1GQ,CP_MEUR,CH,2007-01-01,350695.6
B1GQ,CP_MEUR,CY,2007-01-01,17591
B1GQ,CP_MEUR,CZ,2007-01-01,138302.9
B1GQ,CP_MEUR,DE,2007-01-01,2513230
B1GQ,CP_MEUR,DK,2007-01-01,233383.2
B1GQ,CP_MEUR,EA,2007-01-01,9253877.2
B1GQ,CP_MEUR,EA18,2007-01-01,9372393
B1GQ,CP_MEUR,EA19,2007-01-01,9401433.7
B1GQ,CP_MEUR,EE,2007-01-01,16246.4
B1GQ,CP_MEUR,EL,2007-01-01,232694.6
B1GQ,CP_MEUR,ES,2007-01-01,1080807
B1GQ,CP_MEUR,EU28,2007-01-01,12983930
B1GQ,CP_MEUR,FI,2007-01-01,186584
B1GQ,CP_MEUR,FR,2007-01-01,1945670
B1GQ,CP_MEUR,HR,2007-01-01,43925.8
B1GQ,CP_MEUR,HU,2007-01-01,102169.1
B1GQ,CP_MEUR,IE,2007-01-01,197201.7
B1GQ,CP_MEUR,IS,2007-01-01,15566
B1GQ,CP_MEUR,IT,2007-01-01,1609550.8
B1GQ,CP_MEUR,LT,2007-01-01,29040.7
B1GQ,CP_MEUR,LU,2007-01-01,37178.9
B1GQ,CP_MEUR,LV,2007-01-01,22679.3
B1GQ,CP_MEUR,MK,2007-01-01,6094.5
B1GQ,CP_MEUR,MT,2007-01-01,5757.5
B1GQ,CP_MEUR,NL,2007-01-01,613280
B1GQ,CP_MEUR,NO,2007-01-01,293273.4
B1GQ,CP_MEUR,PL,2007-01-01,313874
B1GQ,CP_MEUR,PT,2007-01-01,175467.7
B1GQ,CP_MEUR,RO,2007-01-01,125403.4
B1GQ,CP_MEUR,RS,2007-01-01,29451.6
B1GQ,CP_MEUR,SE,2007-01-01,356434.3
B1GQ,CP_MEUR,SI,2007-01-01,35152.6
B1GQ,CP_MEUR,SK,2007-01-01,56241.6
B1GQ,CP_MEUR,TR,2007-01-01,492841.2
B1GQ,CP_MEUR,UK,2007-01-01,2245324
B1GQ,CP_MPPS,AL,2007-01-01,17813.2
B1GQ,CP_MPPS,AT,2007-01-01,269357.3
B1GQ,CP_MPPS,BA,2007-01-01,25397.5
B1GQ,CP_MPPS,BE,2007-01-01,322949.4
B1GQ,CP_MPPS,BG,2007-01-01,79613.9
B1GQ,CP_MPPS,CH,2007-01-01,309629.6
B1GQ,CP_MPPS,CY,2007-01-01,20771.6
B1GQ,CP_MPPS,CZ,2007-01-01,221775.9
B1GQ,CP_MPPS,DE,2007-01-01,2471729.7
B1GQ,CP_MPPS,DK,2007-01-01,175425.1
B1GQ,CP_MPPS,EA,2007-01-01,9208296.1
B1GQ,CP_MPPS,EA18,2007-01-01,9388315.6
B1GQ,CP_MPPS,EA19,2007-01-01,9439181
B1GQ,CP_MPPS,EE,2007-01-01,24272.4
B1GQ,CP_MPPS,EL,2007-01-01,266760.4
B1GQ,CP_MPPS,ES,2007-01-01,1215192.7
B1GQ,CP_MPPS,EU28,2007-01-01,12983930
B1GQ,CP_MPPS,FI,2007-01-01,164360.8
B1GQ,CP_MPPS,FR,2007-01-01,1802731.4
B1GQ,CP_MPPS,HR,2007-01-01,68661.8
B1GQ,CP_MPPS,HU,2007-01-01,157735.1
B1GQ,CP_MPPS,IE,2007-01-01,169546.9
B1GQ,CP_MPPS,IS,2007-01-01,10462.5
B1GQ,CP_MPPS,IT,2007-01-01,1637581.3
B1GQ,CP_MPPS,LT,2007-01-01,50860.3
B1GQ,CP_MPPS,LU,2007-01-01,33226.9
B1GQ,CP_MPPS,LV,2007-01-01,32880.4
B1GQ,CP_MPPS,MK,2007-01-01,15736
B1GQ,CP_MPPS,MT,2007-01-01,8345.5
B1GQ,CP_MPPS,NL,2007-01-01,587095.5
B1GQ,CP_MPPS,NO,2007-01-01,216970.4
B1GQ,CP_MPPS,PL,2007-01-01,527507.9
B1GQ,CP_MPPS,PT,2007-01-01,223392
B1GQ,CP_MPPS,RO,2007-01-01,231482
B1GQ,CP_MPPS,RS,2007-01-01,63741.6
B1GQ,CP_MPPS,SE,2007-01-01,305993.8
B1GQ,CP_MPPS,SI,2007-01-01,45921.5
B1GQ,CP_MPPS,SK,2007-01-01,93764.9
B1GQ,CP_MPPS,TR,2007-01-01,851674.3
B1GQ,CP_MPPS,UK,2007-01-01,1784062.7
B1GQ,CP_EUR_HAB,AL,2008-01-01,3e3
B1GQ,CP_EUR_HAB,AT,2008-01-01,35300
B1GQ,CP_EUR_HAB,BE,2008-01-01,33100
B1GQ,CP_EUR_HAB,BG,2008-01-01,5e3
B1GQ,CP_EUR_HAB,CH,2008-01-01,49300
B1GQ,CP_EUR_HAB,CY,2008-01-01,24200
B1GQ,CP_EUR_HAB,CZ,2008-01-01,15500
B1GQ,CP_EUR_HAB,DE,2008-01-01,31700
B1GQ,CP_EUR_HAB,DK,2008-01-01,44e3
B1GQ,CP_EUR_HAB,EA,2008-01-01,29600
B1GQ,CP_EUR_HAB,EA18,2008-01-01,29100
B1GQ,CP_EUR_HAB,EA19,2008-01-01,28900
B1GQ,CP_EUR_HAB,EE,2008-01-01,12300
B1GQ,CP_EUR_HAB,EL,2008-01-01,21800
B1GQ,CP_EUR_HAB,ES,2008-01-01,24300
B1GQ,CP_EUR_HAB,EU28,2008-01-01,26100
B1GQ,CP_EUR_HAB,FI,2008-01-01,36500
B1GQ,CP_EUR_HAB,FR,2008-01-01,31e3
B1GQ,CP_EUR_HAB,HR,2008-01-01,11200
B1GQ,CP_EUR_HAB,HU,2008-01-01,10800
B1GQ,CP_EUR_HAB,IE,2008-01-01,41800
B1GQ,CP_EUR_HAB,IS,2008-01-01,33800
B1GQ,CP_EUR_HAB,IT,2008-01-01,27600
B1GQ,CP_EUR_HAB,LT,2008-01-01,10200
B1GQ,CP_EUR_HAB,LU,2008-01-01,77900
B1GQ,CP_EUR_HAB,LV,2008-01-01,11200
B1GQ,CP_EUR_HAB,MK,2008-01-01,3300
B1GQ,CP_EUR_HAB,MT,2008-01-01,15e3
B1GQ,CP_EUR_HAB,NL,2008-01-01,38900
B1GQ,CP_EUR_HAB,NO,2008-01-01,66500
B1GQ,CP_EUR_HAB,PL,2008-01-01,9600
B1GQ,CP_EUR_HAB,PT,2008-01-01,16900
B1GQ,CP_EUR_HAB,RO,2008-01-01,6900
B1GQ,CP_EUR_HAB,RS,2008-01-01,4600
B1GQ,CP_EUR_HAB,SE,2008-01-01,38200
B1GQ,CP_EUR_HAB,SI,2008-01-01,18800
B1GQ,CP_EUR_HAB,SK,2008-01-01,12200
B1GQ,CP_EUR_HAB,UK,2008-01-01,31900
B1GQ,CP_MEUR,AL,2008-01-01,8800.3
B1GQ,CP_MEUR,AT,2008-01-01,293761.9
B1GQ,CP_MEUR,BE,2008-01-01,354066
B1GQ,CP_MEUR,BG,2008-01-01,37200.1
B1GQ,CP_MEUR,CH,2008-01-01,378248.1
B1GQ,CP_MEUR,CY,2008-01-01,19006.2
B1GQ,CP_MEUR,CZ,2008-01-01,161313.1
B1GQ,CP_MEUR,DE,2008-01-01,2561740
B1GQ,CP_MEUR,DK,2008-01-01,241613.5
B1GQ,CP_MEUR,EA,2008-01-01,9494651.8
B1GQ,CP_MEUR,EA18,2008-01-01,9601526.6
B1GQ,CP_MEUR,EA19,2008-01-01,9634222.9
B1GQ,CP_MEUR,EE,2008-01-01,16517.3
B1GQ,CP_MEUR,EL,2008-01-01,241990.4
B1GQ,CP_MEUR,ES,2008-01-01,1116225
B1GQ,CP_MEUR,EU28,2008-01-01,13055462.1
B1GQ,CP_MEUR,FI,2008-01-01,193711
B1GQ,CP_MEUR,FR,2008-01-01,1995850
B1GQ,CP_MEUR,HR,2008-01-01,48129.8
B1GQ,CP_MEUR,HU,2008-01-01,108121.5
B1GQ,CP_MEUR,IE,2008-01-01,187756.2
B1GQ,CP_MEUR,IS,2008-01-01,10786.6
B1GQ,CP_MEUR,IT,2008-01-01,1632150.8
B1GQ,CP_MEUR,LT,2008-01-01,32696.3
B1GQ,CP_MEUR,LU,2008-01-01,38128.6
B1GQ,CP_MEUR,LV,2008-01-01,24354.8
B1GQ,CP_MEUR,MK,2008-01-01,6772.1
B1GQ,CP_MEUR,MT,2008-01-01,6128.7
B1GQ,CP_MEUR,NL,2008-01-01,639163
B1GQ,CP_MEUR,NO,2008-01-01,317230.3
B1GQ,CP_MEUR,PL,2008-01-01,366182.3
B1GQ,CP_MEUR,PT,2008-01-01,178872.6
B1GQ,CP_MEUR,RO,2008-01-01,142396.3
B1GQ,CP_MEUR,RS,2008-01-01,33704.5
B1GQ,CP_MEUR,SE,2008-01-01,352317.1
B1GQ,CP_MEUR,SI,2008-01-01,37951.2
B1GQ,CP_MEUR,SK,2008-01-01,66002.8
B1GQ,CP_MEUR,TR,2008-01-01,521812.2
B1GQ,CP_MEUR,UK,2008-01-01,1974766.4
B1GQ,CP_MEUR,XK,2008-01-01,3882.8
B1GQ,CP_MPPS,AL,2008-01-01,19167.1
B1GQ,CP_MPPS,AT,2008-01-01,271730
B1GQ,CP_MPPS,BA,2008-01-01,26790.1
B1GQ,CP_MPPS,BE,2008-01-01,322784.9
B1GQ,CP_MPPS,BG,2008-01-01,84851.8
B1GQ,CP_MPPS,CH,2008-01-01,317838.1
B1GQ,CP_MPPS,CY,2008-01-01,21650.5
B1GQ,CP_MPPS,CZ,2008-01-01,228533.9
B1GQ,CP_MPPS,DE,2008-01-01,2467886.3
B1GQ,CP_MPPS,DK,2008-01-01,179224
B1GQ,CP_MPPS,EA,2008-01-01,9234964.6
B1GQ,CP_MPPS,EA18,2008-01-01,9393093.9
B1GQ,CP_MPPS,EA19,2008-01-01,9445501.8
B1GQ,CP_MPPS,EE,2008-01-01,23950.5
B1GQ,CP_MPPS,EL,2008-01-01,270154.2
B1GQ,CP_MPPS,ES,2008-01-01,1215387.2
B1GQ,CP_MPPS,EU28,2008-01-01,13055462.1
B1GQ,CP_MPPS,FI,2008-01-01,167848.8
B1GQ,CP_MPPS,FR,2008-01-01,1788700.6
B1GQ,CP_MPPS,HR,2008-01-01,70961.5
B1GQ,CP_MPPS,HU,2008-01-01,164057.2
B1GQ,CP_MPPS,IE,2008-01-01,157120.8
B1GQ,CP_MPPS,IS,2008-01-01,10706.4
B1GQ,CP_MPPS,IT,2008-01-01,1646003.6
B1GQ,CP_MPPS,LT,2008-01-01,52434.9
B1GQ,CP_MPPS,LU,2008-01-01,33481.4
B1GQ,CP_MPPS,LV,2008-01-01,33439.7
B1GQ,CP_MPPS,MK,2008-01-01,17021.9
B1GQ,CP_MPPS,MT,2008-01-01,8474.8
B1GQ,CP_MPPS,NL,2008-01-01,595867.3
B1GQ,CP_MPPS,NO,2008-01-01,232733.9
B1GQ,CP_MPPS,PL,2008-01-01,551740.7
B1GQ,CP_MPPS,PT,2008-01-01,222229.8
B1GQ,CP_MPPS,RO,2008-01-01,264614.2
B1GQ,CP_MPPS,RS,2008-01-01,69256.5
B1GQ,CP_MPPS,SE,2008-01-01,304974.8
B1GQ,CP_MPPS,SI,2008-01-01,47325.8
B1GQ,CP_MPPS,SK,2008-01-01,100723.9
B1GQ,CP_MPPS,TR,2008-01-01,893472.1
B1GQ,CP_MPPS,UK,2008-01-01,1771139.2
B1GQ,CP_EUR_HAB,AL,2009-01-01,3e3
B1GQ,CP_EUR_HAB,AT,2009-01-01,34500
B1GQ,CP_EUR_HAB,BE,2009-01-01,32300
B1GQ,CP_EUR_HAB,BG,2009-01-01,5e3
B1GQ,CP_EUR_HAB,CH,2009-01-01,50200
B1GQ,CP_EUR_HAB,CY,2009-01-01,23100
B1GQ,CP_EUR_HAB,CZ,2009-01-01,14200
B1GQ,CP_EUR_HAB,DE,2009-01-01,30600
B1GQ,CP_EUR_HAB,DK,2009-01-01,41900
B1GQ,CP_EUR_HAB,EA,2009-01-01,28200
B1GQ,CP_EUR_HAB,EA18,2009-01-01,28e3
B1GQ,CP_EUR_HAB,EA19,2009-01-01,27800
B1GQ,CP_EUR_HAB,EE,2009-01-01,10600
B1GQ,CP_EUR_HAB,EL,2009-01-01,21400
B1GQ,CP_EUR_HAB,ES,2009-01-01,23300
B1GQ,CP_EUR_HAB,EU28,2009-01-01,24500
B1GQ,CP_EUR_HAB,FI,2009-01-01,33900
B1GQ,CP_EUR_HAB,FR,2009-01-01,3e4
B1GQ,CP_EUR_HAB,HR,2009-01-01,10500
B1GQ,CP_EUR_HAB,HU,2009-01-01,9400
B1GQ,CP_EUR_HAB,IE,2009-01-01,37500
B1GQ,CP_EUR_HAB,IS,2009-01-01,28900
B1GQ,CP_EUR_HAB,IT,2009-01-01,26400
B1GQ,CP_EUR_HAB,LT,2009-01-01,8500
B1GQ,CP_EUR_HAB,LU,2009-01-01,74200
B1GQ,CP_EUR_HAB,LV,2009-01-01,8800
B1GQ,CP_EUR_HAB,MK,2009-01-01,3300
B1GQ,CP_EUR_HAB,MT,2009-01-01,14900
B1GQ,CP_EUR_HAB,NL,2009-01-01,37400
B1GQ,CP_EUR_HAB,NO,2009-01-01,57700
B1GQ,CP_EUR_HAB,PL,2009-01-01,8300
B1GQ,CP_EUR_HAB,PT,2009-01-01,16600
B1GQ,CP_EUR_HAB,RO,2009-01-01,5900
B1GQ,CP_EUR_HAB,RS,2009-01-01,4200
B1GQ,CP_EUR_HAB,SE,2009-01-01,33300
B1GQ,CP_EUR_HAB,SI,2009-01-01,17700
B1GQ,CP_EUR_HAB,SK,2009-01-01,11800
B1GQ,CP_EUR_HAB,UK,2009-01-01,27600
B1GQ,CP_MEUR,AL,2009-01-01,8662.2
B1GQ,CP_MEUR,AT,2009-01-01,288044
B1GQ,CP_MEUR,BE,2009-01-01,348781
B1GQ,CP_MEUR,BG,2009-01-01,37317.7
B1GQ,CP_MEUR,CH,2009-01-01,390207.4
B1GQ,CP_MEUR,CY,2009-01-01,18673.5
B1GQ,CP_MEUR,CZ,2009-01-01,148682
B1GQ,CP_MEUR,DE,2009-01-01,2460280
B1GQ,CP_MEUR,DK,2009-01-01,231278.1
B1GQ,CP_MEUR,EA,2009-01-01,9229804.8
B1GQ,CP_MEUR,EA18,2009-01-01,9262700
B1GQ,CP_MEUR,EA19,2009-01-01,9289634.9
B1GQ,CP_MEUR,EE,2009-01-01,14145.9
B1GQ,CP_MEUR,EL,2009-01-01,237534.2
B1GQ,CP_MEUR,ES,2009-01-01,1079052
B1GQ,CP_MEUR,EU28,2009-01-01,12298438.9
B1GQ,CP_MEUR,FI,2009-01-01,181029
B1GQ,CP_MEUR,FR,2009-01-01,1939017
B1GQ,CP_MEUR,HR,2009-01-01,45090.7
B1GQ,CP_MEUR,HU,2009-01-01,94262.5
B1GQ,CP_MEUR,IE,2009-01-01,170096.9
B1GQ,CP_MEUR,IS,2009-01-01,9227.6
B1GQ,CP_MEUR,IT,2009-01-01,1572878.3
B1GQ,CP_MEUR,LT,2009-01-01,26934.8
B1GQ,CP_MEUR,LU,2009-01-01,36976.5
B1GQ,CP_MEUR,LV,2009-01-01,18749.3
B1GQ,CP_MEUR,MK,2009-01-01,6766.5
B1GQ,CP_MEUR,MT,2009-01-01,6138.6
B1GQ,CP_MEUR,NL,2009-01-01,617540
B1GQ,CP_MEUR,NO,2009-01-01,278557.9
B1GQ,CP_MEUR,PL,2009-01-01,317082.9
B1GQ,CP_MEUR,PT,2009-01-01,175448.2
B1GQ,CP_MEUR,RO,2009-01-01,120409.2
B1GQ,CP_MEUR,RS,2009-01-01,30654.7
B1GQ,CP_MEUR,SE,2009-01-01,309678.7
B1GQ,CP_MEUR,SI,2009-01-01,36166.2
B1GQ,CP_MEUR,SK,2009-01-01,64023.1
B1GQ,CP_MEUR,TR,2009-01-01,461925.9
B1GQ,CP_MEUR,UK,2009-01-01,1716766.6
B1GQ,CP_MEUR,XK,2009-01-01,4069.6
B1GQ,CP_MPPS,AL,2009-01-01,19632.1
B1GQ,CP_MPPS,AT,2009-01-01,259775.3
B1GQ,CP_MPPS,BA,2009-01-01,25666.4
B1GQ,CP_MPPS,BE,2009-01-01,312192.1
B1GQ,CP_MPPS,BG,2009-01-01,80116.8
B1GQ,CP_MPPS,CH,2009-01-01,304985.3
B1GQ,CP_MPPS,CY,2009-01-01,20832.1
B1GQ,CP_MPPS,CZ,2009-01-01,219288
B1GQ,CP_MPPS,DE,2009-01-01,2308063.2
B1GQ,CP_MPPS,DK,2009-01-01,169498.9
B1GQ,CP_MPPS,EA,2009-01-01,8800180.1
B1GQ,CP_MPPS,EA18,2009-01-01,8848501.7
B1GQ,CP_MPPS,EA19,2009-01-01,8892155.5
B1GQ,CP_MPPS,EE,2009-01-01,20815.2
B1GQ,CP_MPPS,EL,2009-01-01,256584.3
B1GQ,CP_MPPS,ES,2009-01-01,1142481.4
B1GQ,CP_MPPS,EU28,2009-01-01,12298438.9
B1GQ,CP_MPPS,FI,2009-01-01,153652.7
B1GQ,CP_MPPS,FR,2009-01-01,1709740.8
B1GQ,CP_MPPS,HR,2009-01-01,65539.6
B1GQ,CP_MPPS,HU,2009-01-01,157468.3
B1GQ,CP_MPPS,IE,2009-01-01,143607.1
B1GQ,CP_MPPS,IS,2009-01-01,9939.8
B1GQ,CP_MPPS,IT,2009-01-01,1551682.3
B1GQ,CP_MPPS,LT,2009-01-01,43663.6
B1GQ,CP_MPPS,LU,2009-01-01,31158.6
B1GQ,CP_MPPS,LV,2009-01-01,27489.6
B1GQ,CP_MPPS,MK,2009-01-01,17180.1
B1GQ,CP_MPPS,MT,2009-01-01,8202.6
B1GQ,CP_MPPS,NL,2009-01-01,553907.1
B1GQ,CP_MPPS,NO,2009-01-01,203652
B1GQ,CP_MPPS,PL,2009-01-01,558621.1
B1GQ,CP_MPPS,PT,2009-01-01,212812
B1GQ,CP_MPPS,RO,2009-01-01,247872.3
B1GQ,CP_MPPS,RS,2009-01-01,65885.2
B1GQ,CP_MPPS,SE,2009-01-01,280505.7
B1GQ,CP_MPPS,SI,2009-01-01,42635
B1GQ,CP_MPPS,SK,2009-01-01,94492.6
B1GQ,CP_MPPS,TR,2009-01-01,840469.2
B1GQ,CP_MPPS,UK,2009-01-01,1639075.4
B1GQ,CP_EUR_HAB,AL,2010-01-01,3100
B1GQ,CP_EUR_HAB,AT,2010-01-01,35400
B1GQ,CP_EUR_HAB,BE,2010-01-01,33500
B1GQ,CP_EUR_HAB,BG,2010-01-01,5200
B1GQ,CP_EUR_HAB,CH,2010-01-01,56100
B1GQ,CP_EUR_HAB,CY,2010-01-01,23300
B1GQ,CP_EUR_HAB,CZ,2010-01-01,14900
B1GQ,CP_EUR_HAB,DE,2010-01-01,32100
B1GQ,CP_EUR_HAB,DK,2010-01-01,43800
B1GQ,CP_EUR_HAB,EA,2010-01-01,28900
B1GQ,CP_EUR_HAB,EA18,2010-01-01,28700
B1GQ,CP_EUR_HAB,EA19,2010-01-01,28500
B1GQ,CP_EUR_HAB,EE,2010-01-01,11e3
B1GQ,CP_EUR_HAB,EL,2010-01-01,20300
B1GQ,CP_EUR_HAB,ES,2010-01-01,23200
B1GQ,CP_EUR_HAB,EU28,2010-01-01,25500
B1GQ,CP_EUR_HAB,FI,2010-01-01,34900
B1GQ,CP_EUR_HAB,FR,2010-01-01,30800
B1GQ,CP_EUR_HAB,HR,2010-01-01,10500
B1GQ,CP_EUR_HAB,HU,2010-01-01,9900
B1GQ,CP_EUR_HAB,IE,2010-01-01,36800
B1GQ,CP_EUR_HAB,IS,2010-01-01,31500
B1GQ,CP_EUR_HAB,IT,2010-01-01,26800
B1GQ,CP_EUR_HAB,LT,2010-01-01,9e3
B1GQ,CP_EUR_HAB,LU,2010-01-01,79200
B1GQ,CP_EUR_HAB,LV,2010-01-01,8500
B1GQ,CP_EUR_HAB,MK,2010-01-01,3500
B1GQ,CP_EUR_HAB,MT,2010-01-01,15900
B1GQ,CP_EUR_HAB,NL,2010-01-01,38e3
B1GQ,CP_EUR_HAB,NO,2010-01-01,66300
B1GQ,CP_EUR_HAB,PL,2010-01-01,9400
B1GQ,CP_EUR_HAB,PT,2010-01-01,17e3
B1GQ,CP_EUR_HAB,RO,2010-01-01,6300
B1GQ,CP_EUR_HAB,RS,2010-01-01,4100
B1GQ,CP_EUR_HAB,SE,2010-01-01,39400
B1GQ,CP_EUR_HAB,SI,2010-01-01,17700
B1GQ,CP_EUR_HAB,SK,2010-01-01,12400
B1GQ,CP_EUR_HAB,UK,2010-01-01,29300
B1GQ,CP_MEUR,AL,2010-01-01,8996.6
B1GQ,CP_MEUR,AT,2010-01-01,295896.6
B1GQ,CP_MEUR,BE,2010-01-01,365101
B1GQ,CP_MEUR,BG,2010-01-01,38230.5
B1GQ,CP_MEUR,CH,2010-01-01,441085.7
B1GQ,CP_MEUR,CY,2010-01-01,19299.5
B1GQ,CP_MEUR,CZ,2010-01-01,156718.2
B1GQ,CP_MEUR,DE,2010-01-01,2580060
B1GQ,CP_MEUR,DK,2010-01-01,243165.4
B1GQ,CP_MEUR,EA,2010-01-01,9485760.1
B1GQ,CP_MEUR,EA18,2010-01-01,9518265.2
B1GQ,CP_MEUR,EA19,2010-01-01,9546292.9
B1GQ,CP_MEUR,EE,2010-01-01,14716.5
B1GQ,CP_MEUR,EL,2010-01-01,226031.4
B1GQ,CP_MEUR,ES,2010-01-01,1080935
B1GQ,CP_MEUR,EU28,2010-01-01,12818381.8
B1GQ,CP_MEUR,FI,2010-01-01,187100
B1GQ,CP_MEUR,FR,2010-01-01,1998481
B1GQ,CP_MEUR,HR,2010-01-01,45004.3
B1GQ,CP_MEUR,HU,2010-01-01,98826
B1GQ,CP_MEUR,IE,2010-01-01,167583.2
B1GQ,CP_MEUR,IS,2010-01-01,10008.6
B1GQ,CP_MEUR,IT,2010-01-01,1604514.5
B1GQ,CP_MEUR,LT,2010-01-01,28027.7
B1GQ,CP_MEUR,LU,2010-01-01,40177.8
B1GQ,CP_MEUR,LV,2010-01-01,17788.6
B1GQ,CP_MEUR,ME,2010-01-01,3125.1
B1GQ,CP_MEUR,MK,2010-01-01,7108.3
B1GQ,CP_MEUR,MT,2010-01-01,6599.5
B1GQ,CP_MEUR,NL,2010-01-01,631512
B1GQ,CP_MEUR,NO,2010-01-01,324043.2
B1GQ,CP_MEUR,PL,2010-01-01,361803.6
B1GQ,CP_MEUR,PT,2010-01-01,179929.8
B1GQ,CP_MEUR,RO,2010-01-01,126746.4
B1GQ,CP_MEUR,RS,2010-01-01,29766.3
B1GQ,CP_MEUR,SE,2010-01-01,369076.6
B1GQ,CP_MEUR,SI,2010-01-01,36252.4
B1GQ,CP_MEUR,SK,2010-01-01,67577.3
B1GQ,CP_MEUR,TR,2010-01-01,581023.8
B1GQ,CP_MEUR,UK,2010-01-01,1841691.9
B1GQ,CP_MEUR,XK,2010-01-01,4402
B1GQ,CP_MPPS,AL,2010-01-01,21458.9
B1GQ,CP_MPPS,AT,2010-01-01,268796.6
B1GQ,CP_MPPS,BA,2010-01-01,26501.5
B1GQ,CP_MPPS,BE,2010-01-01,333889.1
B1GQ,CP_MPPS,BG,2010-01-01,84504.5
B1GQ,CP_MPPS,CH,2010-01-01,317714.8
B1GQ,CP_MPPS,CY,2010-01-01,21089
B1GQ,CP_MPPS,CZ,2010-01-01,221730.9
B1GQ,CP_MPPS,DE,2010-01-01,2451922.5
B1GQ,CP_MPPS,DK,2010-01-01,182517.7
B1GQ,CP_MPPS,EA,2010-01-01,9113474.6
B1GQ,CP_MPPS,EA18,2010-01-01,9163632.7
B1GQ,CP_MPPS,EA19,2010-01-01,9211278.7
B1GQ,CP_MPPS,EE,2010-01-01,21986
B1GQ,CP_MPPS,EL,2010-01-01,239518.7
B1GQ,CP_MPPS,ES,2010-01-01,1137638.3
B1GQ,CP_MPPS,EU28,2010-01-01,12818381.8
B1GQ,CP_MPPS,FI,2010-01-01,158962.1
B1GQ,CP_MPPS,FR,2010-01-01,1789022.3
B1GQ,CP_MPPS,HR,2010-01-01,64791.2
B1GQ,CP_MPPS,HU,2010-01-01,164767.9
B1GQ,CP_MPPS,IE,2010-01-01,150924.2
B1GQ,CP_MPPS,IS,2010-01-01,9328.8
B1GQ,CP_MPPS,IT,2010-01-01,1587763.6
B1GQ,CP_MPPS,LT,2010-01-01,47610.9
B1GQ,CP_MPPS,LU,2010-01-01,33207.8
B1GQ,CP_MPPS,LV,2010-01-01,28179.4
B1GQ,CP_MPPS,ME,2010-01-01,6462.1
B1GQ,CP_MPPS,MK,2010-01-01,17861.8
B1GQ,CP_MPPS,MT,2010-01-01,8819.6
B1GQ,CP_MPPS,NL,2010-01-01,565708.8
B1GQ,CP_MPPS,NO,2010-01-01,216840.6
B1GQ,CP_MPPS,PL,2010-01-01,612658
B1GQ,CP_MPPS,PT,2010-01-01,220914.3
B1GQ,CP_MPPS,RO,2010-01-01,265633.6
B1GQ,CP_MPPS,RS,2010-01-01,67366.1
B1GQ,CP_MPPS,SE,2010-01-01,298405.7
B1GQ,CP_MPPS,SI,2010-01-01,43478.9
B1GQ,CP_MPPS,SK,2010-01-01,102971.5
B1GQ,CP_MPPS,TR,2010-01-01,964323.8
B1GQ,CP_MPPS,UK,2010-01-01,1721193.9
B1GQ,CP_EUR_HAB,AL,2011-01-01,3200
B1GQ,CP_EUR_HAB,AT,2011-01-01,37e3
B1GQ,CP_EUR_HAB,BE,2011-01-01,34500
B1GQ,CP_EUR_HAB,BG,2011-01-01,5600
B1GQ,CP_EUR_HAB,CH,2011-01-01,63700
B1GQ,CP_EUR_HAB,CY,2011-01-01,23200
B1GQ,CP_EUR_HAB,CZ,2011-01-01,15600
B1GQ,CP_EUR_HAB,DE,2011-01-01,33700
B1GQ,CP_EUR_HAB,DK,2011-01-01,44500
B1GQ,CP_EUR_HAB,EA,2011-01-01,29500
B1GQ,CP_EUR_HAB,EA18,2011-01-01,29400
B1GQ,CP_EUR_HAB,EA19,2011-01-01,29200
B1GQ,CP_EUR_HAB,EE,2011-01-01,12500
B1GQ,CP_EUR_HAB,EL,2011-01-01,18600
B1GQ,CP_EUR_HAB,ES,2011-01-01,22900
B1GQ,CP_EUR_HAB,EU28,2011-01-01,26100
B1GQ,CP_EUR_HAB,FI,2011-01-01,36500
B1GQ,CP_EUR_HAB,FR,2011-01-01,31500
B1GQ,CP_EUR_HAB,HR,2011-01-01,10400
B1GQ,CP_EUR_HAB,HU,2011-01-01,10200
B1GQ,CP_EUR_HAB,IE,2011-01-01,37600
B1GQ,CP_EUR_HAB,IS,2011-01-01,33e3
B1GQ,CP_EUR_HAB,IT,2011-01-01,27300
B1GQ,CP_EUR_HAB,LT,2011-01-01,10300
B1GQ,CP_EUR_HAB,LU,2011-01-01,83100
B1GQ,CP_EUR_HAB,LV,2011-01-01,9800
B1GQ,CP_EUR_HAB,MK,2011-01-01,3700
B1GQ,CP_EUR_HAB,MT,2011-01-01,16400
B1GQ,CP_EUR_HAB,NL,2011-01-01,38500
B1GQ,CP_EUR_HAB,NO,2011-01-01,72400
B1GQ,CP_EUR_HAB,PL,2011-01-01,9900
B1GQ,CP_EUR_HAB,PT,2011-01-01,16700
B1GQ,CP_EUR_HAB,RO,2011-01-01,6600
B1GQ,CP_EUR_HAB,RS,2011-01-01,4600
B1GQ,CP_EUR_HAB,SE,2011-01-01,42900
B1GQ,CP_EUR_HAB,SI,2011-01-01,18e3
B1GQ,CP_EUR_HAB,SK,2011-01-01,13100
B1GQ,CP_EUR_HAB,UK,2011-01-01,29800
B1GQ,CP_MEUR,AL,2011-01-01,9268.3
B1GQ,CP_MEUR,AT,2011-01-01,310128.7
B1GQ,CP_MEUR,BE,2011-01-01,379106
B1GQ,CP_MEUR,BG,2011-01-01,41292
B1GQ,CP_MEUR,CH,2011-01-01,504020.9
B1GQ,CP_MEUR,CY,2011-01-01,19731
B1GQ,CP_MEUR,CZ,2011-01-01,164040.5
B1GQ,CP_MEUR,DE,2011-01-01,2703120
B1GQ,CP_MEUR,DK,2011-01-01,247879.9
B1GQ,CP_MEUR,EA,2011-01-01,9746867.2
B1GQ,CP_MEUR,EA18,2011-01-01,9767069.5
B1GQ,CP_MEUR,EA19,2011-01-01,9798344.8
B1GQ,CP_MEUR,EE,2011-01-01,16667.6
B1GQ,CP_MEUR,EL,2011-01-01,207028.9
B1GQ,CP_MEUR,ES,2011-01-01,1070449
B1GQ,CP_MEUR,EU28,2011-01-01,13191727.4
B1GQ,CP_MEUR,FI,2011-01-01,196869
B1GQ,CP_MEUR,FR,2011-01-01,2059284
B1GQ,CP_MEUR,HR,2011-01-01,44708.6
B1GQ,CP_MEUR,HU,2011-01-01,101317
B1GQ,CP_MEUR,IE,2011-01-01,171939.2
B1GQ,CP_MEUR,IS,2011-01-01,10541.4
B1GQ,CP_MEUR,IT,2011-01-01,1637462.9
B1GQ,CP_MEUR,LT,2011-01-01,31275.3
B1GQ,CP_MEUR,LU,2011-01-01,43164.6
B1GQ,CP_MEUR,LV,2011-01-01,20202.3
B1GQ,CP_MEUR,ME,2011-01-01,3264.8
B1GQ,CP_MEUR,MK,2011-01-01,7544.2
B1GQ,CP_MEUR,MT,2011-01-01,6837.8
B1GQ,CP_MEUR,NL,2011-01-01,642929
B1GQ,CP_MEUR,NO,2011-01-01,358733.7
B1GQ,CP_MEUR,PL,2011-01-01,380239
B1GQ,CP_MEUR,PT,2011-01-01,176166.6
B1GQ,CP_MEUR,RO,2011-01-01,133305.9
B1GQ,CP_MEUR,RS,2011-01-01,33423.8
B1GQ,CP_MEUR,SE,2011-01-01,404945.5
B1GQ,CP_MEUR,SI,2011-01-01,36896.3
B1GQ,CP_MEUR,SK,2011-01-01,70627.2
B1GQ,CP_MEUR,TR,2011-01-01,596491.2
B1GQ,CP_MEUR,UK,2011-01-01,1883972.4
B1GQ,CP_MEUR,XK,2011-01-01,4814.5
B1GQ,CP_MPPS,AL,2011-01-01,22367.9
B1GQ,CP_MPPS,AT,2011-01-01,281362.2
B1GQ,CP_MPPS,BA,2011-01-01,27549.7
B1GQ,CP_MPPS,BE,2011-01-01,343720
B1GQ,CP_MPPS,BG,2011-01-01,86885.3
B1GQ,CP_MPPS,CH,2011-01-01,335304.8
B1GQ,CP_MPPS,CY,2011-01-01,21302.3
B1GQ,CP_MPPS,CZ,2011-01-01,227982.1
B1GQ,CP_MPPS,DE,2011-01-01,2584936.7
B1GQ,CP_MPPS,DK,2011-01-01,186567.3
B1GQ,CP_MPPS,EA,2011-01-01,9387332.4
B1GQ,CP_MPPS,EA18,2011-01-01,9418037
B1GQ,CP_MPPS,EA19,2011-01-01,9470202.3
B1GQ,CP_MPPS,EE,2011-01-01,24573.3
B1GQ,CP_MPPS,EL,2011-01-01,218958.4
B1GQ,CP_MPPS,ES,2011-01-01,1130600.3
B1GQ,CP_MPPS,EU28,2011-01-01,13191727.4
B1GQ,CP_MPPS,FI,2011-01-01,165344.4
B1GQ,CP_MPPS,FR,2011-01-01,1846096.7
B1GQ,CP_MPPS,HR,2011-01-01,66848
B1GQ,CP_MPPS,HU,2011-01-01,171795
B1GQ,CP_MPPS,IE,2011-01-01,155963.9
B1GQ,CP_MPPS,IS,2011-01-01,9496.2
B1GQ,CP_MPPS,IT,2011-01-01,1627907.1
B1GQ,CP_MPPS,LT,2011-01-01,52198.7
B1GQ,CP_MPPS,LU,2011-01-01,35970.8
B1GQ,CP_MPPS,LV,2011-01-01,30718.8
B1GQ,CP_MPPS,ME,2011-01-01,6768.8
B1GQ,CP_MPPS,MK,2011-01-01,18150.6
B1GQ,CP_MPPS,MT,2011-01-01,8982.7
B1GQ,CP_MPPS,NL,2011-01-01,580020
B1GQ,CP_MPPS,NO,2011-01-01,232167
B1GQ,CP_MPPS,PL,2011-01-01,656025.9
B1GQ,CP_MPPS,PT,2011-01-01,213254.3
B1GQ,CP_MPPS,RO,2011-01-01,274979.8
B1GQ,CP_MPPS,RS,2011-01-01,70757.5
B1GQ,CP_MPPS,SE,2011-01-01,311848.3
B1GQ,CP_MPPS,SI,2011-01-01,44600.4
B1GQ,CP_MPPS,SK,2011-01-01,105194.2
B1GQ,CP_MPPS,TR,2011-01-01,1088618.8
B1GQ,CP_MPPS,UK,2011-01-01,1746695
B1GQ,CP_EUR_HAB,AL,2012-01-01,3300
B1GQ,CP_EUR_HAB,AT,2012-01-01,37800
B1GQ,CP_EUR_HAB,BE,2012-01-01,35100
B1GQ,CP_EUR_HAB,BG,2012-01-01,5700
B1GQ,CP_EUR_HAB,CH,2012-01-01,65e3
B1GQ,CP_EUR_HAB,CY,2012-01-01,22600
B1GQ,CP_EUR_HAB,CZ,2012-01-01,15400
B1GQ,CP_EUR_HAB,DE,2012-01-01,34300
B1GQ,CP_EUR_HAB,DK,2012-01-01,45500
B1GQ,CP_EUR_HAB,EA,2012-01-01,29500
B1GQ,CP_EUR_HAB,EA18,2012-01-01,29400
B1GQ,CP_EUR_HAB,EA19,2012-01-01,29200
B1GQ,CP_EUR_HAB,EE,2012-01-01,13500
B1GQ,CP_EUR_HAB,EL,2012-01-01,17300
B1GQ,CP_EUR_HAB,ES,2012-01-01,22200
B1GQ,CP_EUR_HAB,EU28,2012-01-01,26600
B1GQ,CP_EUR_HAB,FI,2012-01-01,36900
B1GQ,CP_EUR_HAB,FR,2012-01-01,31800
B1GQ,CP_EUR_HAB,HR,2012-01-01,10300
B1GQ,CP_EUR_HAB,HU,2012-01-01,1e4
B1GQ,CP_EUR_HAB,IE,2012-01-01,38200
B1GQ,CP_EUR_HAB,IS,2012-01-01,34500
B1GQ,CP_EUR_HAB,IT,2012-01-01,26700
B1GQ,CP_EUR_HAB,LT,2012-01-01,11200
B1GQ,CP_EUR_HAB,LU,2012-01-01,83e3
B1GQ,CP_EUR_HAB,LV,2012-01-01,10800
B1GQ,CP_EUR_HAB,MK,2012-01-01,3700
B1GQ,CP_EUR_HAB,MT,2012-01-01,17100
B1GQ,CP_EUR_HAB,NL,2012-01-01,38500
B1GQ,CP_EUR_HAB,NO,2012-01-01,79100
B1GQ,CP_EUR_HAB,PL,2012-01-01,10100
B1GQ,CP_EUR_HAB,PT,2012-01-01,16e3
B1GQ,CP_EUR_HAB,RO,2012-01-01,6700
B1GQ,CP_EUR_HAB,RS,2012-01-01,4400
B1GQ,CP_EUR_HAB,SE,2012-01-01,44500
B1GQ,CP_EUR_HAB,SI,2012-01-01,17500
B1GQ,CP_EUR_HAB,SK,2012-01-01,13400
B1GQ,CP_EUR_HAB,UK,2012-01-01,32600
B1GQ,CP_MEUR,AL,2012-01-01,9585.8
B1GQ,CP_MEUR,AT,2012-01-01,318653
B1GQ,CP_MEUR,BE,2012-01-01,387500
B1GQ,CP_MEUR,BG,2012-01-01,41947.2
B1GQ,CP_MEUR,CH,2012-01-01,519716.4
B1GQ,CP_MEUR,CY,2012-01-01,19489.7
B1GQ,CP_MEUR,CZ,2012-01-01,161434.3
B1GQ,CP_MEUR,DE,2012-01-01,2758260
B1GQ,CP_MEUR,DK,2012-01-01,254578
B1GQ,CP_MEUR,EA,2012-01-01,9780398.2
B1GQ,CP_MEUR,EA18,2012-01-01,9802456.6
B1GQ,CP_MEUR,EA19,2012-01-01,9835804.8
B1GQ,CP_MEUR,EE,2012-01-01,17934.9
B1GQ,CP_MEUR,EL,2012-01-01,191203.9
B1GQ,CP_MEUR,ES,2012-01-01,1039815
B1GQ,CP_MEUR,EU28,2012-01-01,13448741.5
B1GQ,CP_MEUR,FI,2012-01-01,199793
B1GQ,CP_MEUR,FR,2012-01-01,2086929
B1GQ,CP_MEUR,HR,2012-01-01,43933.7
B1GQ,CP_MEUR,HU,2012-01-01,99502.4
B1GQ,CP_MEUR,IE,2012-01-01,175561.1
B1GQ,CP_MEUR,IS,2012-01-01,11065.1
B1GQ,CP_MEUR,IT,2012-01-01,1613265
B1GQ,CP_MEUR,LT,2012-01-01,33348.2
B1GQ,CP_MEUR,LU,2012-01-01,44112.1
B1GQ,CP_MEUR,LV,2012-01-01,22058.4
B1GQ,CP_MEUR,ME,2012-01-01,3181.5
B1GQ,CP_MEUR,MK,2012-01-01,7584.8
B1GQ,CP_MEUR,MT,2012-01-01,7163.3
B1GQ,CP_MEUR,NL,2012-01-01,645164
B1GQ,CP_MEUR,NO,2012-01-01,397086.1
B1GQ,CP_MEUR,PL,2012-01-01,389368.9
B1GQ,CP_MEUR,PT,2012-01-01,168398
B1GQ,CP_MEUR,RO,2012-01-01,133511.4
B1GQ,CP_MEUR,RS,2012-01-01,31683.1
B1GQ,CP_MEUR,SE,2012-01-01,423340.7
B1GQ,CP_MEUR,SI,2012-01-01,36076.1
B1GQ,CP_MEUR,SK,2012-01-01,72703.5
B1GQ,CP_MEUR,TR,2012-01-01,678483.7
B1GQ,CP_MEUR,UK,2012-01-01,2078292.5
B1GQ,CP_MEUR,XK,2012-01-01,5058.8
B1GQ,CP_MPPS,AL,2012-01-01,23066.7
B1GQ,CP_MPPS,AT,2012-01-01,295893
B1GQ,CP_MPPS,BA,2012-01-01,28064.8
B1GQ,CP_MPPS,BE,2012-01-01,356105.7
B1GQ,CP_MPPS,BG,2012-01-01,89466.8
B1GQ,CP_MPPS,CH,2012-01-01,349520.5
B1GQ,CP_MPPS,CY,2012-01-01,20831.9
B1GQ,CP_MPPS,CZ,2012-01-01,230670.3
B1GQ,CP_MPPS,DE,2012-01-01,2647133.3
B1GQ,CP_MPPS,DK,2012-01-01,189278.7
B1GQ,CP_MPPS,EA,2012-01-01,9512062.9
B1GQ,CP_MPPS,EA18,2012-01-01,9544748.4
B1GQ,CP_MPPS,EA19,2012-01-01,9600403
B1GQ,CP_MPPS,EE,2012-01-01,26005.3
B1GQ,CP_MPPS,EL,2012-01-01,210995
B1GQ,CP_MPPS,ES,2012-01-01,1130416.8
B1GQ,CP_MPPS,EU28,2012-01-01,13448741.5
B1GQ,CP_MPPS,FI,2012-01-01,166153.6
B1GQ,CP_MPPS,FR,2012-01-01,1867514.7
B1GQ,CP_MPPS,HR,2012-01-01,68138.6
B1GQ,CP_MPPS,HU,2012-01-01,173096.3
B1GQ,CP_MPPS,IE,2012-01-01,161154
B1GQ,CP_MPPS,IS,2012-01-01,9810.4
B1GQ,CP_MPPS,IT,2012-01-01,1630092.4
B1GQ,CP_MPPS,LT,2012-01-01,55661.7
B1GQ,CP_MPPS,LU,2012-01-01,36754
B1GQ,CP_MPPS,LV,2012-01-01,32665.3
B1GQ,CP_MPPS,ME,2012-01-01,6500.6
B1GQ,CP_MPPS,MK,2012-01-01,18554.9
B1GQ,CP_MPPS,MT,2012-01-01,9335.5
B1GQ,CP_MPPS,NL,2012-01-01,591264.3
B1GQ,CP_MPPS,NO,2012-01-01,248157.2
B1GQ,CP_MPPS,PL,2012-01-01,685378.7
B1GQ,CP_MPPS,PT,2012-01-01,210159.1
B1GQ,CP_MPPS,RO,2012-01-01,287682.4
B1GQ,CP_MPPS,RS,2012-01-01,71296.2
B1GQ,CP_MPPS,SE,2012-01-01,321670.5
B1GQ,CP_MPPS,SI,2012-01-01,44919.1
B1GQ,CP_MPPS,SK,2012-01-01,108870.5
B1GQ,CP_MPPS,TR,2012-01-01,1162849.3
B1GQ,CP_MPPS,UK,2012-01-01,1814676.8
B1GQ,CP_EUR_HAB,AL,2013-01-01,3300
B1GQ,CP_EUR_HAB,AT,2013-01-01,38200
B1GQ,CP_EUR_HAB,BE,2013-01-01,35300
B1GQ,CP_EUR_HAB,BG,2013-01-01,5800
B1GQ,CP_EUR_HAB,CH,2013-01-01,64100
B1GQ,CP_EUR_HAB,CY,2013-01-01,21e3
B1GQ,CP_EUR_HAB,CZ,2013-01-01,15e3
B1GQ,CP_EUR_HAB,DE,2013-01-01,35e3
B1GQ,CP_EUR_HAB,DK,2013-01-01,46100
B1GQ,CP_EUR_HAB,EA,2013-01-01,29700
B1GQ,CP_EUR_HAB,EA18,2013-01-01,29600
B1GQ,CP_EUR_HAB,EA19,2013-01-01,29400
B1GQ,CP_EUR_HAB,EE,2013-01-01,14300
B1GQ,CP_EUR_HAB,EL,2013-01-01,16500
B1GQ,CP_EUR_HAB,ES,2013-01-01,22e3
B1GQ,CP_EUR_HAB,EU28,2013-01-01,26700
B1GQ,CP_EUR_HAB,FI,2013-01-01,37400
B1GQ,CP_EUR_HAB,FR,2013-01-01,32100
B1GQ,CP_EUR_HAB,HR,2013-01-01,10200
B1GQ,CP_EUR_HAB,HU,2013-01-01,10300
B1GQ,CP_EUR_HAB,IE,2013-01-01,39200
B1GQ,CP_EUR_HAB,IS,2013-01-01,36e3
B1GQ,CP_EUR_HAB,IT,2013-01-01,26500
B1GQ,CP_EUR_HAB,LI,2013-01-01,128400
B1GQ,CP_EUR_HAB,LT,2013-01-01,11800
B1GQ,CP_EUR_HAB,LU,2013-01-01,85300
B1GQ,CP_EUR_HAB,LV,2013-01-01,11300
B1GQ,CP_EUR_HAB,MK,2013-01-01,3900
B1GQ,CP_EUR_HAB,MT,2013-01-01,18100
B1GQ,CP_EUR_HAB,NL,2013-01-01,38900
B1GQ,CP_EUR_HAB,NO,2013-01-01,77600
B1GQ,CP_EUR_HAB,PL,2013-01-01,10300
B1GQ,CP_EUR_HAB,PT,2013-01-01,16300
B1GQ,CP_EUR_HAB,RO,2013-01-01,7200
B1GQ,CP_EUR_HAB,RS,2013-01-01,4800
B1GQ,CP_EUR_HAB,SE,2013-01-01,45400
B1GQ,CP_EUR_HAB,SI,2013-01-01,17600
B1GQ,CP_EUR_HAB,SK,2013-01-01,13700
B1GQ,CP_EUR_HAB,UK,2013-01-01,32200
B1GQ,CP_MEUR,AL,2013-01-01,9625.4
B1GQ,CP_MEUR,AT,2013-01-01,323910.2
B1GQ,CP_MEUR,BE,2013-01-01,391731
B1GQ,CP_MEUR,BG,2013-01-01,42011.5
B1GQ,CP_MEUR,CH,2013-01-01,518379.5
B1GQ,CP_MEUR,CY,2013-01-01,18140.5
B1GQ,CP_MEUR,CZ,2013-01-01,157741.6
B1GQ,CP_MEUR,DE,2013-01-01,2826240
B1GQ,CP_MEUR,DK,2013-01-01,258742.7
B1GQ,CP_MEUR,EA,2013-01-01,9874948.6
B1GQ,CP_MEUR,EA18,2013-01-01,9897777.5
B1GQ,CP_MEUR,EA19,2013-01-01,9932779.5
B1GQ,CP_MEUR,EE,2013-01-01,18932.3
B1GQ,CP_MEUR,EL,2013-01-01,180654.3
B1GQ,CP_MEUR,ES,2013-01-01,1025693
B1GQ,CP_MEUR,EU28,2013-01-01,13559300.4
B1GQ,CP_MEUR,FI,2013-01-01,203338
B1GQ,CP_MEUR,FR,2013-01-01,2115256
B1GQ,CP_MEUR,HR,2013-01-01,43487.1
B1GQ,CP_MEUR,HU,2013-01-01,101886.6
B1GQ,CP_MEUR,IE,2013-01-01,180298.3
B1GQ,CP_MEUR,IS,2013-01-01,11647
B1GQ,CP_MEUR,IT,2013-01-01,1604599.1
B1GQ,CP_MEUR,LI,2013-01-01,4812.4
B1GQ,CP_MEUR,LT,2013-01-01,35002.1
B1GQ,CP_MEUR,LU,2013-01-01,46499.6
B1GQ,CP_MEUR,LV,2013-01-01,22828.9
B1GQ,CP_MEUR,ME,2013-01-01,3362.5
B1GQ,CP_MEUR,MK,2013-01-01,8149.6
B1GQ,CP_MEUR,MT,2013-01-01,7641.9
B1GQ,CP_MEUR,NL,2013-01-01,652748
B1GQ,CP_MEUR,NO,2013-01-01,393966.1
B1GQ,CP_MEUR,PL,2013-01-01,394721.1
B1GQ,CP_MEUR,PT,2013-01-01,170269.3
B1GQ,CP_MEUR,RO,2013-01-01,144253.5
B1GQ,CP_MEUR,RS,2013-01-01,34262.9
B1GQ,CP_MEUR,SE,2013-01-01,435752.1
B1GQ,CP_MEUR,SI,2013-01-01,36239.2
B1GQ,CP_MEUR,SK,2013-01-01,74169.9
B1GQ,CP_MEUR,TR,2013-01-01,714313.4
B1GQ,CP_MEUR,UK,2013-01-01,2063624.8
B1GQ,CP_MEUR,XK,2013-01-01,5326.6
B1GQ,CP_MPPS,AL,2013-01-01,22476.1
B1GQ,CP_MPPS,AT,2013-01-01,298444
B1GQ,CP_MPPS,BA,2013-01-01,28662.3
B1GQ,CP_MPPS,BE,2013-01-01,356865.3
B1GQ,CP_MPPS,BG,2013-01-01,88740.6
B1GQ,CP_MPPS,CH,2013-01-01,357102
B1GQ,CP_MPPS,CY,2013-01-01,19383.7
B1GQ,CP_MPPS,CZ,2013-01-01,235406.9
B1GQ,CP_MPPS,DE,2013-01-01,2679002
B1GQ,CP_MPPS,DK,2013-01-01,192688.3
B1GQ,CP_MPPS,EA,2013-01-01,9564578.1
B1GQ,CP_MPPS,EA18,2013-01-01,9598124.1
B1GQ,CP_MPPS,EA19,2013-01-01,9656131.4
B1GQ,CP_MPPS,EE,2013-01-01,26614.8
B1GQ,CP_MPPS,EL,2013-01-01,210167.2
B1GQ,CP_MPPS,ES,2013-01-01,1116310.6
B1GQ,CP_MPPS,EU28,2013-01-01,13559300.4
B1GQ,CP_MPPS,FI,2013-01-01,164945.3
B1GQ,CP_MPPS,FR,2013-01-01,1913999
B1GQ,CP_MPPS,HR,2013-01-01,67702.1
B1GQ,CP_MPPS,HU,2013-01-01,177741
B1GQ,CP_MPPS,IE,2013-01-01,163226.4
B1GQ,CP_MPPS,IS,2013-01-01,10136.7
B1GQ,CP_MPPS,IT,2013-01-01,1598333.6
B1GQ,CP_MPPS,LT,2013-01-01,57981.9
B1GQ,CP_MPPS,LU,2013-01-01,38145.7
B1GQ,CP_MPPS,LV,2013-01-01,33518.6
B1GQ,CP_MPPS,ME,2013-01-01,6784.1
B1GQ,CP_MPPS,MK,2013-01-01,19292.9
B1GQ,CP_MPPS,MT,2013-01-01,9718.8
B1GQ,CP_MPPS,NL,2013-01-01,600614.6
B1GQ,CP_MPPS,NO,2013-01-01,250156.6
B1GQ,CP_MPPS,PL,2013-01-01,690569.5
B1GQ,CP_MPPS,PT,2013-01-01,214268.5
B1GQ,CP_MPPS,RO,2013-01-01,291465.8
B1GQ,CP_MPPS,RS,2013-01-01,72398.2
B1GQ,CP_MPPS,SE,2013-01-01,322027.3
B1GQ,CP_MPPS,SI,2013-01-01,45078.6
B1GQ,CP_MPPS,SK,2013-01-01,110912.2
B1GQ,CP_MPPS,TR,2013-01-01,1241792
B1GQ,CP_MPPS,UK,2013-01-01,1851288.8
B1GQ,CP_EUR_HAB,AL,2014-01-01,3500
B1GQ,CP_EUR_HAB,AT,2014-01-01,39e3
B1GQ,CP_EUR_HAB,BE,2014-01-01,35900
B1GQ,CP_EUR_HAB,BG,2014-01-01,5900
B1GQ,CP_EUR_HAB,CH,2014-01-01,65300
B1GQ,CP_EUR_HAB,CY,2014-01-01,20700
B1GQ,CP_EUR_HAB,CZ,2014-01-01,14900
B1GQ,CP_EUR_HAB,DE,2014-01-01,36200
B1GQ,CP_EUR_HAB,DK,2014-01-01,47e3
B1GQ,CP_EUR_HAB,EA,2014-01-01,30200
B1GQ,CP_EUR_HAB,EA18,2014-01-01,30200
B1GQ,CP_EUR_HAB,EA19,2014-01-01,3e4
B1GQ,CP_EUR_HAB,EE,2014-01-01,15e3
B1GQ,CP_EUR_HAB,EL,2014-01-01,16300
B1GQ,CP_EUR_HAB,ES,2014-01-01,22300
B1GQ,CP_EUR_HAB,EU28,2014-01-01,27600
B1GQ,CP_EUR_HAB,FI,2014-01-01,37600
B1GQ,CP_EUR_HAB,FR,2014-01-01,32400
B1GQ,CP_EUR_HAB,HR,2014-01-01,10100
B1GQ,CP_EUR_HAB,HU,2014-01-01,10700
B1GQ,CP_EUR_HAB,IE,2014-01-01,42200
B1GQ,CP_EUR_HAB,IS,2014-01-01,39600
B1GQ,CP_EUR_HAB,IT,2014-01-01,26700
B1GQ,CP_EUR_HAB,LI,2014-01-01,133300
B1GQ,CP_EUR_HAB,LT,2014-01-01,12500
B1GQ,CP_EUR_HAB,LU,2014-01-01,89500
B1GQ,CP_EUR_HAB,LV,2014-01-01,11800
B1GQ,CP_EUR_HAB,MK,2014-01-01,4100
B1GQ,CP_EUR_HAB,MT,2014-01-01,19800
B1GQ,CP_EUR_HAB,NL,2014-01-01,39300
B1GQ,CP_EUR_HAB,NO,2014-01-01,73300
B1GQ,CP_EUR_HAB,PL,2014-01-01,10700
B1GQ,CP_EUR_HAB,PT,2014-01-01,16600
B1GQ,CP_EUR_HAB,RO,2014-01-01,7600
B1GQ,CP_EUR_HAB,RS,2014-01-01,4700
B1GQ,CP_EUR_HAB,SE,2014-01-01,44600
B1GQ,CP_EUR_HAB,SI,2014-01-01,18200
B1GQ,CP_EUR_HAB,SK,2014-01-01,14e3
B1GQ,CP_EUR_HAB,UK,2014-01-01,35300
B1GQ,CP_MEUR,AL,2014-01-01,9968.6
B1GQ,CP_MEUR,AT,2014-01-01,333062.6
B1GQ,CP_MEUR,BE,2014-01-01,400797
B1GQ,CP_MEUR,BG,2014-01-01,42762.2
B1GQ,CP_MEUR,CH,2014-01-01,534923.7
B1GQ,CP_MEUR,CY,2014-01-01,17605.9
B1GQ,CP_MEUR,CZ,2014-01-01,156660
B1GQ,CP_MEUR,DE,2014-01-01,2932470
B1GQ,CP_MEUR,DK,2014-01-01,265232.5
B1GQ,CP_MEUR,EA,2014-01-01,10117124.9
B1GQ,CP_MEUR,EA18,2014-01-01,10117124.9
B1GQ,CP_MEUR,EA19,2014-01-01,10153715
B1GQ,CP_MEUR,EE,2014-01-01,19766.3
B1GQ,CP_MEUR,EL,2014-01-01,177940.6
B1GQ,CP_MEUR,ES,2014-01-01,1037820
B1GQ,CP_MEUR,EU28,2014-01-01,14021143.8
B1GQ,CP_MEUR,FI,2014-01-01,205474
B1GQ,CP_MEUR,FR,2014-01-01,2147609
B1GQ,CP_MEUR,HR,2014-01-01,42977.8
B1GQ,CP_MEUR,HU,2014-01-01,105573.9
B1GQ,CP_MEUR,IE,2014-01-01,194537.2
B1GQ,CP_MEUR,IS,2014-01-01,12953.3
B1GQ,CP_MEUR,IT,2014-01-01,1621827.2
B1GQ,CP_MEUR,LI,2014-01-01,5026.4
B1GQ,CP_MEUR,LT,2014-01-01,36590
B1GQ,CP_MEUR,LU,2014-01-01,49993
B1GQ,CP_MEUR,LV,2014-01-01,23618.2
B1GQ,CP_MEUR,ME,2014-01-01,3457.9
B1GQ,CP_MEUR,MK,2014-01-01,8562
B1GQ,CP_MEUR,MT,2014-01-01,8454.8
B1GQ,CP_MEUR,NL,2014-01-01,663008
B1GQ,CP_MEUR,NO,2014-01-01,376647.6
B1GQ,CP_MEUR,PL,2014-01-01,410989.7
B1GQ,CP_MEUR,PT,2014-01-01,173079.1
B1GQ,CP_MEUR,RO,2014-01-01,150357.5
B1GQ,CP_MEUR,RS,2014-01-01,33318.6
B1GQ,CP_MEUR,SE,2014-01-01,432691.1
B1GQ,CP_MEUR,SI,2014-01-01,37614.9
B1GQ,CP_MEUR,SK,2014-01-01,76087.8
B1GQ,CP_MEUR,TR,2014-01-01,703411.6
B1GQ,CP_MEUR,UK,2014-01-01,2278894
B1GQ,CP_MEUR,XK,2014-01-01,5567.5
B1GQ,CP_MPPS,AL,2014-01-01,24018.4
B1GQ,CP_MPPS,AT,2014-01-01,307338.4
B1GQ,CP_MPPS,BA,2014-01-01,29387.4
B1GQ,CP_MPPS,BE,2014-01-01,368667.6
B1GQ,CP_MPPS,BG,2014-01-01,92242.2
B1GQ,CP_MPPS,CH,2014-01-01,371522.4
B1GQ,CP_MPPS,CY,2014-01-01,19105.2
B1GQ,CP_MPPS,CZ,2014-01-01,250064.6
B1GQ,CP_MPPS,DE,2014-01-01,2806272
B1GQ,CP_MPPS,DK,2014-01-01,198090.6
B1GQ,CP_MPPS,EA,2014-01-01,9883962.2
B1GQ,CP_MPPS,EA18,2014-01-01,9883962.2
B1GQ,CP_MPPS,EA19,2014-01-01,9944580.4
B1GQ,CP_MPPS,EE,2014-01-01,27561
B1GQ,CP_MPPS,EL,2014-01-01,211382.6
B1GQ,CP_MPPS,ES,2014-01-01,1149572.2
B1GQ,CP_MPPS,EU28,2014-01-01,14021143.8
B1GQ,CP_MPPS,FI,2014-01-01,166464.7
B1GQ,CP_MPPS,FR,2014-01-01,1958925.3
B1GQ,CP_MPPS,HR,2014-01-01,68344.2
B1GQ,CP_MPPS,HU,2014-01-01,185781.9
B1GQ,CP_MPPS,IE,2014-01-01,175037.9
B1GQ,CP_MPPS,IS,2014-01-01,10646.6
B1GQ,CP_MPPS,IT,2014-01-01,1619948.1
B1GQ,CP_MPPS,LT,2014-01-01,60618.1
B1GQ,CP_MPPS,LU,2014-01-01,41613.6
B1GQ,CP_MPPS,LV,2014-01-01,34948.6
B1GQ,CP_MPPS,ME,2014-01-01,7029.4
B1GQ,CP_MPPS,MK,2014-01-01,20599.4
B1GQ,CP_MPPS,MT,2014-01-01,10641.1
B1GQ,CP_MPPS,NL,2014-01-01,606916.8
B1GQ,CP_MPPS,NO,2014-01-01,248146
B1GQ,CP_MPPS,PL,2014-01-01,717491
B1GQ,CP_MPPS,PT,2014-01-01,219990.2
B1GQ,CP_MPPS,RO,2014-01-01,303741.7
B1GQ,CP_MPPS,RS,2014-01-01,72218.3
B1GQ,CP_MPPS,SE,2014-01-01,330368.8
B1GQ,CP_MPPS,SI,2014-01-01,47280.8
B1GQ,CP_MPPS,SK,2014-01-01,115674.1
B1GQ,CP_MPPS,TR,2014-01-01,1307161.5
B1GQ,CP_MPPS,UK,2014-01-01,1946764.1
B1GQ,CP_EUR_HAB,AL,2015-01-01,3500
B1GQ,CP_EUR_HAB,AT,2015-01-01,39900
B1GQ,CP_EUR_HAB,BE,2015-01-01,36600
B1GQ,CP_EUR_HAB,BG,2015-01-01,6300
B1GQ,CP_EUR_HAB,CH,2015-01-01,73900
B1GQ,CP_EUR_HAB,CY,2015-01-01,20900
B1GQ,CP_EUR_HAB,CZ,2015-01-01,16e3
B1GQ,CP_EUR_HAB,DE,2015-01-01,37300
B1GQ,CP_EUR_HAB,DK,2015-01-01,47800
B1GQ,CP_EUR_HAB,EA,2015-01-01,31e3
B1GQ,CP_EUR_HAB,EA18,2015-01-01,31100
B1GQ,CP_EUR_HAB,EA19,2015-01-01,31e3
B1GQ,CP_EUR_HAB,EE,2015-01-01,15500
B1GQ,CP_EUR_HAB,EL,2015-01-01,16200
B1GQ,CP_EUR_HAB,ES,2015-01-01,23300
B1GQ,CP_EUR_HAB,EU28,2015-01-01,28900
B1GQ,CP_EUR_HAB,FI,2015-01-01,38200
B1GQ,CP_EUR_HAB,FR,2015-01-01,33e3
B1GQ,CP_EUR_HAB,HR,2015-01-01,10500
B1GQ,CP_EUR_HAB,HU,2015-01-01,11300
B1GQ,CP_EUR_HAB,IE,2015-01-01,56400
B1GQ,CP_EUR_HAB,IS,2015-01-01,45700
B1GQ,CP_EUR_HAB,IT,2015-01-01,27200
B1GQ,CP_EUR_HAB,LI,2015-01-01,147300
B1GQ,CP_EUR_HAB,LT,2015-01-01,12900
B1GQ,CP_EUR_HAB,LU,2015-01-01,91500
B1GQ,CP_EUR_HAB,LV,2015-01-01,12300
B1GQ,CP_EUR_HAB,MT,2015-01-01,21500
B1GQ,CP_EUR_HAB,NL,2015-01-01,40400
B1GQ,CP_EUR_HAB,NO,2015-01-01,67100
B1GQ,CP_EUR_HAB,PL,2015-01-01,11200
B1GQ,CP_EUR_HAB,PT,2015-01-01,17400
B1GQ,CP_EUR_HAB,RO,2015-01-01,8100
B1GQ,CP_EUR_HAB,RS,2015-01-01,4700
B1GQ,CP_EUR_HAB,SE,2015-01-01,45800
B1GQ,CP_EUR_HAB,SI,2015-01-01,18800
B1GQ,CP_EUR_HAB,SK,2015-01-01,14600
B1GQ,CP_EUR_HAB,UK,2015-01-01,4e4
B1GQ,CP_MEUR,AL,2015-01-01,10217.5
B1GQ,CP_MEUR,AT,2015-01-01,344493.2
B1GQ,CP_MEUR,BE,2015-01-01,410247
B1GQ,CP_MEUR,BG,2015-01-01,45286.5
B1GQ,CP_MEUR,CH,2015-01-01,612168.9
B1GQ,CP_MEUR,CY,2015-01-01,17742
B1GQ,CP_MEUR,CZ,2015-01-01,168473.3
B1GQ,CP_MEUR,DE,2015-01-01,3043650
B1GQ,CP_MEUR,DK,2015-01-01,271786.1
B1GQ,CP_MEUR,EA,2015-01-01,10498210.2
B1GQ,CP_MEUR,EA18,2015-01-01,10460879.7
B1GQ,CP_MEUR,EA19,2015-01-01,10498210.2
B1GQ,CP_MEUR,EE,2015-01-01,20347.7
B1GQ,CP_MEUR,EL,2015-01-01,175697.4
B1GQ,CP_MEUR,ES,2015-01-01,1079998
B1GQ,CP_MEUR,EU28,2015-01-01,14754573.8
B1GQ,CP_MEUR,FI,2015-01-01,209581
B1GQ,CP_MEUR,FR,2015-01-01,2194243
B1GQ,CP_MEUR,HR,2015-01-01,44068
B1GQ,CP_MEUR,HU,2015-01-01,110722.9
B1GQ,CP_MEUR,IE,2015-01-01,262037.4
B1GQ,CP_MEUR,IS,2015-01-01,15133.9
B1GQ,CP_MEUR,IT,2015-01-01,1652152.5
B1GQ,CP_MEUR,LI,2015-01-01,5607.3
B1GQ,CP_MEUR,LT,2015-01-01,37330.5
B1GQ,CP_MEUR,LU,2015-01-01,52101.9
B1GQ,CP_MEUR,LV,2015-01-01,24270.8
B1GQ,CP_MEUR,ME,2015-01-01,3624.7
B1GQ,CP_MEUR,MK,2015-01-01,9072.3
B1GQ,CP_MEUR,MT,2015-01-01,9274.5
B1GQ,CP_MEUR,NL,2015-01-01,683457
B1GQ,CP_MEUR,NO,2015-01-01,348408.4
B1GQ,CP_MEUR,PL,2015-01-01,430037.8
B1GQ,CP_MEUR,PT,2015-01-01,179809.1
B1GQ,CP_MEUR,RO,2015-01-01,159963.7
B1GQ,CP_MEUR,RS,2015-01-01,33491
B1GQ,CP_MEUR,SE,2015-01-01,449014.8
B1GQ,CP_MEUR,SI,2015-01-01,38836.6
B1GQ,CP_MEUR,SK,2015-01-01,78896.4
B1GQ,CP_MEUR,TR,2015-01-01,772978.8
B1GQ,CP_MEUR,UK,2015-01-01,2602139.6
B1GQ,CP_MEUR,XK,2015-01-01,5806.9
B1GQ,CP_MPPS,AL,2015-01-01,24603.6
B1GQ,CP_MPPS,AT,2015-01-01,322837.2
B1GQ,CP_MPPS,BA,2015-01-01,30896.1
B1GQ,CP_MPPS,BE,2015-01-01,383892.8
B1GQ,CP_MPPS,BG,2015-01-01,97716.2
B1GQ,CP_MPPS,CH,2015-01-01,391364.5
B1GQ,CP_MPPS,CY,2015-01-01,20062.3
B1GQ,CP_MPPS,CZ,2015-01-01,268080.4
B1GQ,CP_MPPS,DE,2015-01-01,2937716
B1GQ,CP_MPPS,DK,2015-01-01,207835.9
B1GQ,CP_MPPS,EA,2015-01-01,10448059.5
B1GQ,CP_MPPS,EA18,2015-01-01,10385274.9
B1GQ,CP_MPPS,EA19,2015-01-01,10448059.5
B1GQ,CP_MPPS,EE,2015-01-01,28562.4
B1GQ,CP_MPPS,EL,2015-01-01,212938.7
B1GQ,CP_MPPS,ES,2015-01-01,1208048.8
B1GQ,CP_MPPS,EU28,2015-01-01,14754573.8
B1GQ,CP_MPPS,FI,2015-01-01,173003
B1GQ,CP_MPPS,FR,2015-01-01,2048225
B1GQ,CP_MPPS,HR,2015-01-01,70876.4
B1GQ,CP_MPPS,HU,2015-01-01,196128.8
B1GQ,CP_MPPS,IE,2015-01-01,243115.7
B1GQ,CP_MPPS,IS,2015-01-01,11778.7
B1GQ,CP_MPPS,IT,2015-01-01,1696063.6
B1GQ,CP_MPPS,LT,2015-01-01,62705.2
B1GQ,CP_MPPS,LU,2015-01-01,44113
B1GQ,CP_MPPS,LV,2015-01-01,36614.1
B1GQ,CP_MPPS,ME,2015-01-01,7510.9
B1GQ,CP_MPPS,MK,2015-01-01,21778.9
B1GQ,CP_MPPS,MT,2015-01-01,11558
B1GQ,CP_MPPS,NL,2015-01-01,633041.6
B1GQ,CP_MPPS,NO,2015-01-01,240430.3
B1GQ,CP_MPPS,PL,2015-01-01,761633.5
B1GQ,CP_MPPS,PT,2015-01-01,229971.6
B1GQ,CP_MPPS,RO,2015-01-01,326246.3
B1GQ,CP_MPPS,RS,2015-01-01,74694.9
B1GQ,CP_MPPS,SE,2015-01-01,351441
B1GQ,CP_MPPS,SI,2015-01-01,49585.3
B1GQ,CP_MPPS,SK,2015-01-01,121428.3
B1GQ,CP_MPPS,TR,2015-01-01,1406307.7
B1GQ,CP_MPPS,UK,2015-01-01,2048284
B1GQ,CP_EUR_HAB,AL,2016-01-01,3700
B1GQ,CP_EUR_HAB,AT,2016-01-01,40400
B1GQ,CP_EUR_HAB,BE,2016-01-01,37400
B1GQ,CP_EUR_HAB,BG,2016-01-01,6800
B1GQ,CP_EUR_HAB,CH,2016-01-01,72200
B1GQ,CP_EUR_HAB,CY,2016-01-01,21300
B1GQ,CP_EUR_HAB,CZ,2016-01-01,16700
B1GQ,CP_EUR_HAB,DE,2016-01-01,38100
B1GQ,CP_EUR_HAB,DK,2016-01-01,48400
B1GQ,CP_EUR_HAB,EA,2016-01-01,31700
B1GQ,CP_EUR_HAB,EA18,2016-01-01,31800
B1GQ,CP_EUR_HAB,EA19,2016-01-01,31700
B1GQ,CP_EUR_HAB,EE,2016-01-01,16e3
B1GQ,CP_EUR_HAB,EL,2016-01-01,16300
B1GQ,CP_EUR_HAB,ES,2016-01-01,24100
B1GQ,CP_EUR_HAB,EU28,2016-01-01,29e3
B1GQ,CP_EUR_HAB,FI,2016-01-01,39200
B1GQ,CP_EUR_HAB,FR,2016-01-01,33300
B1GQ,CP_EUR_HAB,HR,2016-01-01,11e3
B1GQ,CP_EUR_HAB,HU,2016-01-01,11600
B1GQ,CP_EUR_HAB,IE,2016-01-01,58800
B1GQ,CP_EUR_HAB,IS,2016-01-01,53900
B1GQ,CP_EUR_HAB,IT,2016-01-01,27700
B1GQ,CP_EUR_HAB,LT,2016-01-01,13500
B1GQ,CP_EUR_HAB,LU,2016-01-01,90700
B1GQ,CP_EUR_HAB,LV,2016-01-01,12700
B1GQ,CP_EUR_HAB,MT,2016-01-01,22700
B1GQ,CP_EUR_HAB,NL,2016-01-01,41300
B1GQ,CP_EUR_HAB,NO,2016-01-01,64100
B1GQ,CP_EUR_HAB,PL,2016-01-01,11e3
B1GQ,CP_EUR_HAB,PT,2016-01-01,17900
B1GQ,CP_EUR_HAB,RO,2016-01-01,8600
B1GQ,CP_EUR_HAB,RS,2016-01-01,4900
B1GQ,CP_EUR_HAB,SE,2016-01-01,46900
B1GQ,CP_EUR_HAB,SI,2016-01-01,19600
B1GQ,CP_EUR_HAB,SK,2016-01-01,14900
B1GQ,CP_EUR_HAB,UK,2016-01-01,36500
B1GQ,CP_MEUR,AL,2016-01-01,10722.1
B1GQ,CP_MEUR,AT,2016-01-01,353296.9
B1GQ,CP_MEUR,BE,2016-01-01,421611
B1GQ,CP_MEUR,BG,2016-01-01,48128.6
B1GQ,CP_MEUR,CH,2016-01-01,604455.9
B1GQ,CP_MEUR,CY,2016-01-01,18122.5
B1GQ,CP_MEUR,CZ,2016-01-01,176564.3
B1GQ,CP_MEUR,DE,2016-01-01,3144050
B1GQ,CP_MEUR,DK,2016-01-01,277339.4
B1GQ,CP_MEUR,EA,2016-01-01,10772921.2
B1GQ,CP_MEUR,EA18,2016-01-01,10734283.8
B1GQ,CP_MEUR,EA19,2016-01-01,10772921.2
B1GQ,CP_MEUR,EE,2016-01-01,21098.3
B1GQ,CP_MEUR,EL,2016-01-01,175887.9
B1GQ,CP_MEUR,ES,2016-01-01,1118522
B1GQ,CP_MEUR,EU28,2016-01-01,14855223
B1GQ,CP_MEUR,FI,2016-01-01,215615
B1GQ,CP_MEUR,FR,2016-01-01,2228857
B1GQ,CP_MEUR,HR,2016-01-01,45818.7
B1GQ,CP_MEUR,HU,2016-01-01,113730.8
B1GQ,CP_MEUR,IE,2016-01-01,275567.1
B1GQ,CP_MEUR,IS,2016-01-01,18129.8
B1GQ,CP_MEUR,IT,2016-01-01,1680522.8
B1GQ,CP_MEUR,LT,2016-01-01,38637.4
B1GQ,CP_MEUR,LU,2016-01-01,53004.8
B1GQ,CP_MEUR,LV,2016-01-01,24866.4
B1GQ,CP_MEUR,MK,2016-01-01,9722.8
B1GQ,CP_MEUR,MT,2016-01-01,9943.1
B1GQ,CP_MEUR,NL,2016-01-01,702641
B1GQ,CP_MEUR,NO,2016-01-01,335504.7
B1GQ,CP_MEUR,PL,2016-01-01,424269.1
B1GQ,CP_MEUR,PT,2016-01-01,185179.5
B1GQ,CP_MEUR,RO,2016-01-01,169578.1
B1GQ,CP_MEUR,RS,2016-01-01,34616.6
B1GQ,CP_MEUR,SE,2016-01-01,465200.6
B1GQ,CP_MEUR,SI,2016-01-01,40418.1
B1GQ,CP_MEUR,SK,2016-01-01,81154
B1GQ,CP_MEUR,TR,2016-01-01,780224.9
B1GQ,CP_MEUR,UK,2016-01-01,2393133.5
B1GQ,CP_MEUR,XK,2016-01-01,5984.6
B1GQ,CP_MPPS,AL,2016-01-01,24871.6
B1GQ,CP_MPPS,AT,2016-01-01,324036.4
B1GQ,CP_MPPS,BE,2016-01-01,385008.3
B1GQ,CP_MPPS,BG,2016-01-01,101345.7
B1GQ,CP_MPPS,CH,2016-01-01,390338.8
B1GQ,CP_MPPS,CY,2016-01-01,20407.8
B1GQ,CP_MPPS,CZ,2016-01-01,271464.4
B1GQ,CP_MPPS,DE,2016-01-01,2955934.3
B1GQ,CP_MPPS,DK,2016-01-01,208729
B1GQ,CP_MPPS,EA,2016-01-01,10498900
B1GQ,CP_MPPS,EA18,2016-01-01,10436123.7
B1GQ,CP_MPPS,EA19,2016-01-01,10498900
B1GQ,CP_MPPS,EE,2016-01-01,28522.3
B1GQ,CP_MPPS,EL,2016-01-01,210533.5
B1GQ,CP_MPPS,ES,2016-01-01,1238670.6
B1GQ,CP_MPPS,EU28,2016-01-01,14855223
B1GQ,CP_MPPS,FI,2016-01-01,174300.5
B1GQ,CP_MPPS,FR,2016-01-01,2029000.5
B1GQ,CP_MPPS,HR,2016-01-01,72134.4
B1GQ,CP_MPPS,HU,2016-01-01,193873.6
B1GQ,CP_MPPS,IE,2016-01-01,249294
B1GQ,CP_MPPS,IS,2016-01-01,12566.5
B1GQ,CP_MPPS,IT,2016-01-01,1699697.1
B1GQ,CP_MPPS,LT,2016-01-01,62729.9
B1GQ,CP_MPPS,LU,2016-01-01,44158.1
B1GQ,CP_MPPS,LV,2016-01-01,36962.2
B1GQ,CP_MPPS,MK,2016-01-01,22612.3
B1GQ,CP_MPPS,MT,2016-01-01,12124.1
B1GQ,CP_MPPS,NL,2016-01-01,638828.4
B1GQ,CP_MPPS,NO,2016-01-01,227302.2
B1GQ,CP_MPPS,PL,2016-01-01,771938.8
B1GQ,CP_MPPS,PT,2016-01-01,231579.4
B1GQ,CP_MPPS,RO,2016-01-01,339308.9
B1GQ,CP_MPPS,RS,2016-01-01,75738.5
B1GQ,CP_MPPS,SE,2016-01-01,358626.5
B1GQ,CP_MPPS,SI,2016-01-01,50477.1
B1GQ,CP_MPPS,SK,2016-01-01,121928.6
B1GQ,CP_MPPS,TR,2016-01-01,1419814.5
B1GQ,CP_MPPS,UK,2016-01-01,2068332.9
